MORPH_ID,HydroCode,TopScreen,BottomScreen,RefElev,RefElevDesc,SWL,rSWL,Source,measuredDate,nScreens,geometry
3001034591,474500367,69.0,96.0,693.0,UNK,47.0,646.0,GW Explorer,2010-10-01T00:00:00,1.0,
3005872281,494500043,26.0,38.0,689.0,UNK,17.0,672.0,GW Explorer,1998-11-29T00:00:00,2.0,
3005872281,494500043,26.0,38.0,689.0,UNK,4.76,684.24,GW Explorer,2000-05-20T00:00:00,2.0,
3007828981,474500079,10.0,16.5,656.0,UNK,9.26,646.74,GW Explorer,1978-09-27T00:00:00,1.0,
3007828981,474500079,10.0,16.5,656.0,UNK,14.55,641.45,GW Explorer,2000-05-21T00:00:00,1.0,
3007828981,474500079,10.0,16.5,656.0,UNK,14.5,641.5,GW Explorer,2001-05-17T00:00:00,1.0,
3007828981,474500079,10.0,16.5,656.0,UNK,13.87,642.13,GW Explorer,2002-05-10T00:00:00,1.0,
3007828981,474500079,10.0,16.5,656.0,UNK,12.3,643.7,GW Explorer,2003-05-16T00:00:00,1.0,
3023371321,474400003,41.0,47.0,540.9328613,UNK,10.7,530.2328613,GW Explorer,1984-06-04T00:00:00,1.0,
3023371321,474400003,41.0,47.0,540.9328613,UNK,10.64,530.2928613,GW Explorer,2000-05-21T00:00:00,1.0,
3023371321,474400003,41.0,47.0,540.9328613,UNK,11.22,529.7128613,GW Explorer,2001-05-17T00:00:00,1.0,
3023371321,474400003,41.0,47.0,540.9328613,UNK,10.87,530.0628613,GW Explorer,2002-05-11T00:00:00,1.0,
3023371321,474400003,41.0,47.0,540.9328613,UNK,10.62,530.3128613,GW Explorer,2003-05-16T00:00:00,1.0,
3024771181,474400010,42.0,54.0,540.9328613,UNK,18.0,522.9328613,GW Explorer,1997-01-21T00:00:00,2.0,
3024771181,474400010,42.0,54.0,540.9328613,UNK,10.64,530.2928613,GW Explorer,2000-05-21T00:00:00,2.0,
3024771181,474400010,42.0,54.0,540.9328613,UNK,10.67,530.2628613,GW Explorer,2001-05-17T00:00:00,2.0,
3024771181,474400010,42.0,54.0,540.9328613,UNK,10.32,530.6128613,GW Explorer,2002-05-11T00:00:00,2.0,
3024771181,474400010,42.0,54.0,540.9328613,UNK,10.07,530.8628613,GW Explorer,2003-05-16T00:00:00,2.0,
3043735141,474500014,,,693.0,UNK,48.77,644.23,GW Explorer,1965-10-08T00:00:00,0.0,
3049354381,494500035,23.3,35.3,683.0,UNK,21.9,661.1,GW Explorer,1997-04-01T00:00:00,2.0,
3049354381,494500035,23.3,35.3,683.0,UNK,18.04,664.96,GW Explorer,1998-09-12T00:00:00,2.0,
3049354381,494500035,23.3,35.3,683.0,UNK,8.44,674.56,GW Explorer,2000-05-20T00:00:00,2.0,
3049354381,494500035,23.3,35.3,683.0,UNK,7.94,675.06,GW Explorer,2002-05-10T00:00:00,2.0,
3049354381,494500035,23.3,35.3,683.0,UNK,7.56,675.44,GW Explorer,2003-05-17T00:00:00,2.0,
3063353611,494500036,5.5,35.3,681.0,UNK,22.0,659.0,GW Explorer,1997-04-01T00:00:00,1.0,
3063353611,494500036,5.5,35.3,681.0,UNK,18.04,662.96,GW Explorer,1998-09-12T00:00:00,1.0,
3063353611,494500036,5.5,35.3,681.0,UNK,7.81,673.19,GW Explorer,2000-05-20T00:00:00,1.0,
3063353611,494500036,5.5,35.3,681.0,UNK,7.95,673.05,GW Explorer,2001-05-16T00:00:00,1.0,
3063353611,494500036,5.5,35.3,681.0,UNK,7.44,673.56,GW Explorer,2002-05-10T00:00:00,1.0,
3063353611,494500036,5.5,35.3,681.0,UNK,7.56,673.44,GW Explorer,2003-05-17T00:00:00,1.0,
3064858711,494500007,9.8,30.0,708.0,UNK,10.07,697.93,GW Explorer,1978-10-03T00:00:00,4.0,
3064858711,494500007,9.8,30.0,708.0,UNK,7.35,700.65,GW Explorer,2000-05-20T00:00:00,4.0,
3064858711,494500007,9.8,30.0,708.0,UNK,9.47,698.53,GW Explorer,2001-05-16T00:00:00,4.0,
3070072901,474500214,20.0,48.0,630.0,UNK,10.4,619.6,GW Explorer,2010-06-04T00:00:00,2.0,
3080255501,504500020,42.0,54.0,632.8588257,UNK,32.0,600.8588257,GW Explorer,1988-10-10T00:00:00,2.0,
3080255501,504500020,42.0,54.0,632.8588257,UNK,18.03,614.8288257,GW Explorer,2000-05-20T00:00:00,2.0,
3080255501,504500020,42.0,54.0,632.8588257,UNK,18.0,614.8588257,GW Explorer,2001-05-16T00:00:00,2.0,
3080255501,504500020,42.0,54.0,632.8588257,UNK,17.93,614.9288257,GW Explorer,2002-05-10T00:00:00,2.0,
3080255501,504500020,42.0,54.0,632.8588257,UNK,17.79,615.0688257,GW Explorer,2003-05-17T00:00:00,2.0,
3090453451,494500037,,,675.0,UNK,23.0,652.0,GW Explorer,1997-04-01T00:00:00,0.0,
3097135891,474500082,,,663.0,UNK,21.95,641.05,GW Explorer,1966-10-05T00:00:00,0.0,
3106291651,484500001,,,697.0,UNK,20.24,676.76,GW Explorer,2000-05-21T00:00:00,0.0,
3106291651,484500001,,,697.0,UNK,21.15,675.85,GW Explorer,2001-05-16T00:00:00,0.0,
3106291651,484500001,,,697.0,UNK,20.44,676.56,GW Explorer,2002-05-10T00:00:00,0.0,
3106291651,484500001,,,697.0,UNK,20.62,676.38,GW Explorer,2003-05-17T00:00:00,0.0,
3106724001,474500015,,,703.0,UNK,34.75,668.25,GW Explorer,1965-10-15T00:00:00,0.0,
3111536991,514500089,15.5,27.5,744.0,NGS,10.13,733.87,GW Explorer,1995-01-01T00:00:00,1.0,
3111536991,514500089,15.5,27.5,744.0,NGS,8.18,735.82,GW Explorer,2000-05-20T00:00:00,1.0,
3111536991,514500089,15.5,27.5,744.0,NGS,8.03,735.97,GW Explorer,2001-05-16T00:00:00,1.0,
3111536991,514500089,15.5,27.5,744.0,NGS,5.98,738.02,GW Explorer,2002-05-10T00:00:00,1.0,
3111536991,514500089,15.5,27.5,744.0,NGS,6.73,737.27,GW Explorer,2003-05-17T00:00:00,1.0,
3129431301,474400009,,,490.9863586,UNK,16.7,474.2863586,GW Explorer,1991-04-21T00:00:00,0.0,
3161654551,494500006,24.46,34.6,677.0,UNK,7.4,669.6,GW Explorer,1978-08-28T00:00:00,2.0,
3168247731,474500037,12.19,32.0,625.0,UNK,27.13,597.87,GW Explorer,1970-10-12T00:00:00,1.0,
3168247731,474500037,12.19,32.0,625.0,UNK,27.13,597.87,GW Explorer,1971-01-21T00:00:00,1.0,
3185444541,494500041,36.0,60.0,670.0,UNK,24.0,646.0,GW Explorer,1997-01-22T00:00:00,2.0,
3185444541,494500041,36.0,60.0,670.0,UNK,13.2,656.8,GW Explorer,1997-02-06T00:00:00,2.0,
3185444541,494500041,36.0,60.0,670.0,UNK,14.77,655.23,GW Explorer,2000-03-30T00:00:00,2.0,
3185444541,494500041,36.0,60.0,670.0,UNK,13.85,656.15,GW Explorer,2000-05-20T00:00:00,2.0,
3185444541,494500041,36.0,60.0,670.0,UNK,13.59,656.41,GW Explorer,2002-05-10T00:00:00,2.0,
3185444541,494500041,36.0,60.0,670.0,UNK,10.33,659.67,GW Explorer,2003-05-17T00:00:00,2.0,
3190837091,494500045,26.0,38.0,664.0,UNK,15.0,649.0,GW Explorer,1998-11-30T00:00:00,2.0,
3190837091,494500045,26.0,38.0,664.0,UNK,18.16,645.84,GW Explorer,2000-05-20T00:00:00,2.0,
3190837091,494500045,26.0,38.0,664.0,UNK,16.81,647.19,GW Explorer,2001-05-16T00:00:00,2.0,
3190837091,494500045,26.0,38.0,664.0,UNK,15.75,648.25,GW Explorer,2002-05-10T00:00:00,2.0,
3200845661,494500017,42.0,66.0,669.0,UNK,8.95,660.05,GW Explorer,1990-11-16T00:00:00,2.0,
3200845661,494500017,42.0,66.0,669.0,UNK,8.4,660.6,GW Explorer,1991-03-23T00:00:00,2.0,
3200845661,494500017,42.0,66.0,669.0,UNK,12.06,656.94,GW Explorer,2000-05-20T00:00:00,2.0,
3200845661,494500017,42.0,66.0,669.0,UNK,11.36,657.64,GW Explorer,2001-05-16T00:00:00,2.0,
3200845661,494500017,42.0,66.0,669.0,UNK,8.22,660.78,GW Explorer,2002-05-10T00:00:00,2.0,
3200845661,494500017,42.0,66.0,669.0,UNK,10.25,658.75,GW Explorer,2003-05-17T00:00:00,2.0,
3202949191,494500038,51.0,60.0,673.0,UNK,10.0,663.0,GW Explorer,1997-01-11T00:00:00,2.0,
3204417541,484500005,24.0,30.0,594.9071655,UNK,13.0,581.9071655,GW Explorer,1984-04-01T00:00:00,1.0,
3211565641,474500095,24.8,36.8,628.0,UNK,20.5,607.5,GW Explorer,1996-08-07T00:00:00,1.0,
3211565641,474500095,24.8,36.8,628.0,UNK,20.5,607.5,GW Explorer,1996-09-03T00:00:00,1.0,
3211565641,474500095,24.8,36.8,628.0,UNK,16.86,611.14,GW Explorer,1998-04-01T00:00:00,1.0,
3211565641,474500095,24.8,36.8,628.0,UNK,16.9,611.1,GW Explorer,1998-10-16T00:00:00,1.0,
3211565641,474500095,24.8,36.8,628.0,UNK,16.91,611.09,GW Explorer,1999-04-10T00:00:00,1.0,
3211565641,474500095,24.8,36.8,628.0,UNK,16.95,611.05,GW Explorer,1999-10-22T00:00:00,1.0,
3211565641,474500095,24.8,36.8,628.0,UNK,16.96,611.04,GW Explorer,2000-04-02T00:00:00,1.0,
3211565641,474500095,24.8,36.8,628.0,UNK,16.95,611.05,GW Explorer,2000-10-22T00:00:00,1.0,
3211565641,474500095,24.8,36.8,628.0,UNK,17.0,611.0,GW Explorer,2001-03-31T00:00:00,1.0,
3211565641,474500095,24.8,36.8,628.0,UNK,16.8,611.2,GW Explorer,2001-08-03T00:00:00,1.0,
3211565641,474500095,24.8,36.8,628.0,UNK,16.97,611.03,GW Explorer,2001-11-05T00:00:00,1.0,
3211565641,474500095,24.8,36.8,628.0,UNK,16.62,611.38,GW Explorer,2002-05-11T00:00:00,1.0,
3211565641,474500095,24.8,36.8,628.0,UNK,16.36,611.64,GW Explorer,2002-10-22T00:00:00,1.0,
3211565641,474500095,24.8,36.8,628.0,UNK,16.22,611.78,GW Explorer,2003-04-06T00:00:00,1.0,
3211565641,474500095,24.8,36.8,628.0,UNK,16.12,611.88,GW Explorer,2003-10-20T00:00:00,1.0,
3211565641,474500095,24.8,36.8,628.0,UNK,15.83,612.17,GW Explorer,2004-05-05T00:00:00,1.0,
3211565641,474500095,24.8,36.8,628.0,UNK,15.51,612.49,GW Explorer,2004-10-26T00:00:00,1.0,
3211565641,474500095,24.8,36.8,628.0,UNK,15.22,612.78,GW Explorer,2005-06-01T00:00:00,1.0,
3211565641,474500095,24.8,36.8,628.0,UNK,15.12,612.88,GW Explorer,2005-11-14T00:00:00,1.0,
3211565641,474500095,24.8,36.8,628.0,UNK,14.96,613.04,GW Explorer,2006-05-05T00:00:00,1.0,
3211565641,474500095,24.8,36.8,628.0,UNK,14.87,613.13,GW Explorer,2006-11-04T00:00:00,1.0,
3211565641,474500095,24.8,36.8,628.0,UNK,14.78,613.22,GW Explorer,2007-04-27T00:00:00,1.0,
3211565641,474500095,24.8,36.8,628.0,UNK,14.73,613.27,GW Explorer,2007-11-03T00:00:00,1.0,
3211565641,474500095,24.8,36.8,628.0,UNK,14.76,613.24,GW Explorer,2008-05-07T00:00:00,1.0,
3211565641,474500095,24.8,36.8,628.0,UNK,14.71,613.29,GW Explorer,2008-11-04T00:00:00,1.0,
3211565641,474500095,24.8,36.8,628.0,UNK,14.63,613.37,GW Explorer,2009-05-16T00:00:00,1.0,
3211565641,474500095,24.8,36.8,628.0,UNK,14.69,613.31,GW Explorer,2009-11-01T00:00:00,1.0,
3211565641,474500095,24.8,36.8,628.0,UNK,14.66,613.34,GW Explorer,2010-04-18T00:00:00,1.0,
3211565781,474500038,30.78,39.62,628.0,UNK,17.37,610.63,GW Explorer,1970-10-13T00:00:00,2.0,
3211565781,474500038,30.78,39.62,628.0,UNK,17.3,610.7,GW Explorer,1984-04-06T00:00:00,2.0,
3211565781,474500038,30.78,39.62,628.0,UNK,17.3,610.7,GW Explorer,1985-03-06T00:00:00,2.0,
3213876521,464500083,59.0,60.0,677.0,UNK,6.0,671.0,GW Explorer,1990-11-23T00:00:00,1.0,
3216445581,494500042,,,672.0,UNK,9.2,662.8,GW Explorer,1998-09-13T00:00:00,0.0,
3216445581,494500042,,,672.0,UNK,12.17,659.83,GW Explorer,2000-05-20T00:00:00,0.0,
3216445581,494500042,,,672.0,UNK,10.96,661.04,GW Explorer,2001-05-16T00:00:00,0.0,
3216445581,494500042,,,672.0,UNK,8.38,663.62,GW Explorer,2002-05-10T00:00:00,0.0,
3216445581,494500042,,,672.0,UNK,8.16,663.84,GW Explorer,2003-05-17T00:00:00,0.0,
3216975291,474500213,24.0,77.5,632.0,UNK,17.4,614.6,GW Explorer,2010-06-02T00:00:00,2.0,
3228946431,494500034,29.3,41.3,672.0,UNK,21.7,650.3,GW Explorer,1997-04-01T00:00:00,2.0,
3242352221,494500021,25.0,36.9,679.0,UNK,8.35,670.65,GW Explorer,1992-03-11T00:00:00,1.0,
3242352221,494500021,25.0,36.9,679.0,UNK,8.0,671.0,GW Explorer,1992-08-25T00:00:00,1.0,
3242352221,494500021,25.0,36.9,679.0,UNK,5.9,673.1,GW Explorer,2000-03-26T00:00:00,1.0,
3242352221,494500021,25.0,36.9,679.0,UNK,5.3,673.7,GW Explorer,2000-05-21T00:00:00,1.0,
3242352221,494500021,25.0,36.9,679.0,UNK,5.02,673.98,GW Explorer,2002-05-10T00:00:00,1.0,
3254706341,474500093,32.0,50.0,691.0,UNK,33.5,657.5,GW Explorer,1988-09-22T00:00:00,2.0,
3258332831,474500002,42.67,45.72,659.0,UNK,17.98,641.02,GW Explorer,1957-01-26T00:00:00,1.0,
3258332831,474500002,42.67,45.72,659.0,UNK,17.98,641.02,GW Explorer,1957-01-30T00:00:00,1.0,
3286960371,474500035,28.65,35.05,629.0,UNK,21.49,607.51,GW Explorer,1970-09-26T00:00:00,1.0,
3286960371,474500035,28.65,35.05,629.0,UNK,18.04,610.96,GW Explorer,1998-09-12T00:00:00,1.0,
3286960371,474500035,28.65,35.05,629.0,UNK,18.4,610.6,GW Explorer,2000-05-21T00:00:00,1.0,
3286960371,474500035,28.65,35.05,629.0,UNK,18.44,610.56,GW Explorer,2001-05-17T00:00:00,1.0,
3286960371,474500035,28.65,35.05,629.0,UNK,18.13,610.87,GW Explorer,2002-05-11T00:00:00,1.0,
3286960371,474500035,28.65,35.05,629.0,UNK,17.67,611.33,GW Explorer,2003-05-16T00:00:00,1.0,
3301162411,474500098,24.0,36.0,631.0,UNK,22.0,609.0,GW Explorer,1997-01-16T00:00:00,2.0,
3316956721,484400002,18.0,30.0,555.8766479,UNK,6.7,549.1766479,GW Explorer,1997-01-20T00:00:00,2.0,
3316956721,484400002,18.0,30.0,555.8766479,UNK,7.38,548.4966479,GW Explorer,2000-05-21T00:00:00,2.0,
3316956721,484400002,18.0,30.0,555.8766479,UNK,7.4,548.4766479,GW Explorer,2001-05-17T00:00:00,2.0,
3316956721,484400002,18.0,30.0,555.8766479,UNK,7.39,548.4866479,GW Explorer,2002-05-11T00:00:00,2.0,
3316956721,484400002,18.0,30.0,555.8766479,UNK,7.36,548.5166479,GW Explorer,2003-05-16T00:00:00,2.0,
3318275841,474400007,,,526.0,UNK,13.6,512.4,GW Explorer,1987-08-09T00:00:00,0.0,
3324163011,474500096,24.8,36.8,630.0,UNK,21.0,609.0,GW Explorer,1996-08-07T00:00:00,1.0,
3324163011,474500096,24.8,36.8,630.0,UNK,20.72,609.28,GW Explorer,1997-04-08T00:00:00,1.0,
3324163011,474500096,24.8,36.8,630.0,UNK,20.67,609.33,GW Explorer,1997-10-23T00:00:00,1.0,
3324163011,474500096,24.8,36.8,630.0,UNK,20.8,609.2,GW Explorer,1998-10-16T00:00:00,1.0,
3324163011,474500096,24.8,36.8,630.0,UNK,20.82,609.18,GW Explorer,1999-04-10T00:00:00,1.0,
3324163011,474500096,24.8,36.8,630.0,UNK,20.9,609.1,GW Explorer,1999-10-22T00:00:00,1.0,
3324163011,474500096,24.8,36.8,630.0,UNK,20.89,609.11,GW Explorer,2000-04-02T00:00:00,1.0,
3324163011,474500096,24.8,36.8,630.0,UNK,20.87,609.13,GW Explorer,2000-10-22T00:00:00,1.0,
3324163011,474500096,24.8,36.8,630.0,UNK,20.98,609.02,GW Explorer,2001-03-31T00:00:00,1.0,
3324163011,474500096,24.8,36.8,630.0,UNK,20.89,609.11,GW Explorer,2001-08-03T00:00:00,1.0,
3324163011,474500096,24.8,36.8,630.0,UNK,20.89,609.11,GW Explorer,2001-11-05T00:00:00,1.0,
3324163011,474500096,24.8,36.8,630.0,UNK,20.51,609.49,GW Explorer,2002-05-11T00:00:00,1.0,
3324163011,474500096,24.8,36.8,630.0,UNK,20.27,609.73,GW Explorer,2002-10-22T00:00:00,1.0,
3324163011,474500096,24.8,36.8,630.0,UNK,20.15,609.85,GW Explorer,2003-04-06T00:00:00,1.0,
3324163011,474500096,24.8,36.8,630.0,UNK,19.71,610.29,GW Explorer,2004-05-05T00:00:00,1.0,
3324163011,474500096,24.8,36.8,630.0,UNK,19.37,610.63,GW Explorer,2004-10-26T00:00:00,1.0,
3324163011,474500096,24.8,36.8,630.0,UNK,19.19,610.81,GW Explorer,2005-06-01T00:00:00,1.0,
3324163011,474500096,24.8,36.8,630.0,UNK,19.05,610.95,GW Explorer,2005-11-14T00:00:00,1.0,
3324163011,474500096,24.8,36.8,630.0,UNK,18.96,611.04,GW Explorer,2006-05-05T00:00:00,1.0,
3324163011,474500096,24.8,36.8,630.0,UNK,18.77,611.23,GW Explorer,2006-11-04T00:00:00,1.0,
3324163011,474500096,24.8,36.8,630.0,UNK,18.73,611.27,GW Explorer,2007-04-27T00:00:00,1.0,
3324163011,474500096,24.8,36.8,630.0,UNK,18.65,611.35,GW Explorer,2007-11-03T00:00:00,1.0,
3324163011,474500096,24.8,36.8,630.0,UNK,18.63,611.37,GW Explorer,2008-05-07T00:00:00,1.0,
3324163011,474500096,24.8,36.8,630.0,UNK,18.63,611.37,GW Explorer,2008-11-04T00:00:00,1.0,
3324163011,474500096,24.8,36.8,630.0,UNK,18.61,611.39,GW Explorer,2009-05-16T00:00:00,1.0,
3324163011,474500096,24.8,36.8,630.0,UNK,18.59,611.41,GW Explorer,2009-11-01T00:00:00,1.0,
3324163011,474500096,24.8,36.8,630.0,UNK,18.52,611.48,GW Explorer,2010-04-18T00:00:00,1.0,
3324963191,474500004,26.32,32.92,630.0,UNK,20.12,609.88,GW Explorer,1955-08-24T00:00:00,1.0,
3324963191,474500004,26.32,32.92,630.0,UNK,20.23,609.77,GW Explorer,1995-11-14T00:00:00,1.0,
3324963191,474500004,26.32,32.92,630.0,UNK,20.3,609.7,GW Explorer,1996-10-30T00:00:00,1.0,
3324963191,474500004,26.32,32.92,630.0,UNK,20.27,609.73,GW Explorer,1996-11-28T00:00:00,1.0,
3324963191,474500004,26.32,32.92,630.0,UNK,20.54,609.46,GW Explorer,2000-05-21T00:00:00,1.0,
3324963191,474500004,26.32,32.92,630.0,UNK,20.49,609.51,GW Explorer,2001-05-17T00:00:00,1.0,
3324963191,474500004,26.32,32.92,630.0,UNK,20.18,609.82,GW Explorer,2002-05-11T00:00:00,1.0,
3324963191,474500004,26.32,32.92,630.0,UNK,19.76,610.24,GW Explorer,2003-05-16T00:00:00,1.0,
3328158281,474500036,28.19,34.14,625.0,UNK,21.64,603.36,GW Explorer,1970-10-06T00:00:00,2.0,
3328158281,474500036,28.19,34.14,625.0,UNK,21.3,603.7,GW Explorer,1984-06-04T00:00:00,2.0,
3333499741,474500033,24.84,31.39,658.0,UNK,22.5,635.5,GW Explorer,1970-10-03T00:00:00,1.0,
3348738681,464500003,,,527.0,UNK,23.5,503.5,GW Explorer,1978-09-22T00:00:00,0.0,
3366810062,474500075,0.0,57.0,698.0,UNK,16.92,681.08,GW Explorer,1977-11-15T00:00:00,1.0,
3372873541,484500023,28.0,34.0,781.0,UNK,7.7,773.3,GW Explorer,2002-09-21T00:00:00,1.0,
3394651801,484500003,3.3,20.5,681.0,UNK,11.3,669.7,GW Explorer,1976-05-18T00:00:00,1.0,
3399718951,474500365,,,699.0,UNK,41.0,658.0,GW Explorer,2010-10-01T00:00:00,0.0,
3412957701,474500005,29.45,37.49,635.0,UNK,21.34,613.66,GW Explorer,1955-07-27T00:00:00,2.0,
3420424701,474500089,33.0,42.0,664.0,UNK,25.0,639.0,GW Explorer,1985-01-01T00:00:00,2.0,
3435524171,474500137,43.5,55.5,667.0,UNK,27.22,639.78,GW Explorer,2001-05-04T00:00:00,2.0,
3435524171,474500137,43.5,55.5,667.0,UNK,27.28,639.72,GW Explorer,2001-05-20T00:00:00,2.0,
3435524171,474500137,43.5,55.5,667.0,UNK,27.26,639.74,GW Explorer,2002-05-10T00:00:00,2.0,
3435524171,474500137,43.5,55.5,667.0,UNK,27.25,639.75,GW Explorer,2002-06-03T00:00:00,2.0,
3435524171,474500137,43.5,55.5,667.0,UNK,27.13,639.87,GW Explorer,2002-10-22T00:00:00,2.0,
3435524171,474500137,43.5,55.5,667.0,UNK,27.1,639.9,GW Explorer,2003-04-06T00:00:00,2.0,
3435524171,474500137,43.5,55.5,667.0,UNK,27.15,639.85,GW Explorer,2003-05-16T00:00:00,2.0,
3435524171,474500137,43.5,55.5,667.0,UNK,27.04,639.96,GW Explorer,2003-10-20T00:00:00,2.0,
3435524171,474500137,43.5,55.5,667.0,UNK,27.07,639.93,GW Explorer,2004-05-05T00:00:00,2.0,
3435524171,474500137,43.5,55.5,667.0,UNK,27.11,639.89,GW Explorer,2004-10-26T00:00:00,2.0,
3435524171,474500137,43.5,55.5,667.0,UNK,26.92,640.08,GW Explorer,2005-05-31T00:00:00,2.0,
3435524171,474500137,43.5,55.5,667.0,UNK,26.8,640.2,GW Explorer,2005-11-15T00:00:00,2.0,
3435524171,474500137,43.5,55.5,667.0,UNK,26.69,640.31,GW Explorer,2006-05-06T00:00:00,2.0,
3435524171,474500137,43.5,55.5,667.0,UNK,26.51,640.49,GW Explorer,2007-04-27T00:00:00,2.0,
3435524171,474500137,43.5,55.5,667.0,UNK,19.36,647.64,GW Explorer,2007-11-03T00:00:00,2.0,
3435524171,474500137,43.5,55.5,667.0,UNK,26.43,640.57,GW Explorer,2008-05-08T00:00:00,2.0,
3435524171,474500137,43.5,55.5,667.0,UNK,26.3,640.7,GW Explorer,2008-11-03T00:00:00,2.0,
3435524171,474500137,43.5,55.5,667.0,UNK,26.13,640.87,GW Explorer,2009-05-17T00:00:00,2.0,
3435524171,474500137,43.5,55.5,667.0,UNK,26.07,640.93,GW Explorer,2009-11-02T00:00:00,2.0,
3435524171,474500137,43.5,55.5,667.0,UNK,25.94,641.06,GW Explorer,2010-04-17T00:00:00,2.0,
3442457281,494500026,30.0,48.0,688.0,UNK,15.8,672.2,GW Explorer,1994-11-23T00:00:00,2.0,
3442457281,494500026,30.0,48.0,688.0,UNK,14.8,673.2,GW Explorer,1995-03-16T00:00:00,2.0,
3504822401,474500003,25.49,33.53,668.0,UNK,27.13,640.87,GW Explorer,1955-08-16T00:00:00,1.0,
3512076051,464500002,,,681.0,UNK,15.71,665.29,GW Explorer,1978-09-15T00:00:00,0.0,
3513485821,484500027,62.0,68.0,716.0,UNK,20.0,696.0,GW Explorer,2005-07-07T00:00:00,1.0,
3522818271,474500078,33.9,40.5,672.0,UNK,30.0,642.0,GW Explorer,1978-09-23T00:00:00,1.0,
3522818271,474500078,33.9,40.5,672.0,UNK,27.45,644.55,GW Explorer,1998-04-01T00:00:00,1.0,
3522818271,474500078,33.9,40.5,672.0,UNK,27.13,644.87,GW Explorer,1999-04-11T00:00:00,1.0,
3522818271,474500078,33.9,40.5,672.0,UNK,27.45,644.55,GW Explorer,2000-04-02T00:00:00,1.0,
3522818271,474500078,33.9,40.5,672.0,UNK,27.58,644.42,GW Explorer,2000-10-21T00:00:00,1.0,
3522818271,474500078,33.9,40.5,672.0,UNK,27.46,644.54,GW Explorer,2001-03-31T00:00:00,1.0,
3522818271,474500078,33.9,40.5,672.0,UNK,27.45,644.55,GW Explorer,2001-08-03T00:00:00,1.0,
3522818271,474500078,33.9,40.5,672.0,UNK,27.58,644.42,GW Explorer,2001-11-05T00:00:00,1.0,
3522818271,474500078,33.9,40.5,672.0,UNK,27.43,644.57,GW Explorer,2002-10-22T00:00:00,1.0,
3522818271,474500078,33.9,40.5,672.0,UNK,27.45,644.55,GW Explorer,2003-04-06T00:00:00,1.0,
3522818271,474500078,33.9,40.5,672.0,UNK,27.35,644.65,GW Explorer,2003-10-20T00:00:00,1.0,
3522818271,474500078,33.9,40.5,672.0,UNK,27.35,644.65,GW Explorer,2004-05-05T00:00:00,1.0,
3522818271,474500078,33.9,40.5,672.0,UNK,27.14,644.86,GW Explorer,2005-05-31T00:00:00,1.0,
3522818271,474500078,33.9,40.5,672.0,UNK,27.11,644.89,GW Explorer,2005-11-15T00:00:00,1.0,
3522818271,474500078,33.9,40.5,672.0,UNK,27.05,644.95,GW Explorer,2006-05-06T00:00:00,1.0,
3522818271,474500078,33.9,40.5,672.0,UNK,27.0,645.0,GW Explorer,2006-11-04T00:00:00,1.0,
3522818271,474500078,33.9,40.5,672.0,UNK,26.97,645.03,GW Explorer,2007-04-27T00:00:00,1.0,
3522818271,474500078,33.9,40.5,672.0,UNK,26.91,645.09,GW Explorer,2007-11-03T00:00:00,1.0,
3522818271,474500078,33.9,40.5,672.0,UNK,26.85,645.15,GW Explorer,2008-05-08T00:00:00,1.0,
3522818271,474500078,33.9,40.5,672.0,UNK,26.56,645.44,GW Explorer,2008-11-03T00:00:00,1.0,
3522818271,474500078,33.9,40.5,672.0,UNK,26.72,645.28,GW Explorer,2009-05-17T00:00:00,1.0,
3522818271,474500078,33.9,40.5,672.0,UNK,26.47,645.53,GW Explorer,2010-04-17T00:00:00,1.0,
3533856741,494500016,35.0,53.0,704.0,UNK,15.2,688.8,GW Explorer,1990-11-15T00:00:00,2.0,
3557415361,474500094,32.6,60.0,670.0,UNK,31.0,639.0,GW Explorer,1980-11-27T00:00:00,2.0,
3557415361,474500094,32.6,60.0,670.0,UNK,28.0,642.0,GW Explorer,1998-04-01T00:00:00,2.0,
3557415361,474500094,32.6,60.0,670.0,UNK,27.88,642.12,GW Explorer,1998-10-16T00:00:00,2.0,
3557415361,474500094,32.6,60.0,670.0,UNK,27.96,642.04,GW Explorer,1999-04-11T00:00:00,2.0,
3557415361,474500094,32.6,60.0,670.0,UNK,28.1,641.9,GW Explorer,2000-04-02T00:00:00,2.0,
3557415361,474500094,32.6,60.0,670.0,UNK,28.09,641.91,GW Explorer,2000-10-21T00:00:00,2.0,
3557415361,474500094,32.6,60.0,670.0,UNK,28.03,641.97,GW Explorer,2001-03-31T00:00:00,2.0,
3557415361,474500094,32.6,60.0,670.0,UNK,28.11,641.89,GW Explorer,2001-08-03T00:00:00,2.0,
3557415361,474500094,32.6,60.0,670.0,UNK,28.18,641.82,GW Explorer,2001-11-05T00:00:00,2.0,
3557415361,474500094,32.6,60.0,670.0,UNK,28.25,641.75,GW Explorer,2002-10-22T00:00:00,2.0,
3557415361,474500094,32.6,60.0,670.0,UNK,28.08,641.92,GW Explorer,2003-04-06T00:00:00,2.0,
3557415361,474500094,32.6,60.0,670.0,UNK,28.12,641.88,GW Explorer,2003-10-20T00:00:00,2.0,
3557415361,474500094,32.6,60.0,670.0,UNK,28.02,641.98,GW Explorer,2004-05-05T00:00:00,2.0,
3557415361,474500094,32.6,60.0,670.0,UNK,28.01,641.99,GW Explorer,2004-10-26T00:00:00,2.0,
3557415361,474500094,32.6,60.0,670.0,UNK,27.9,642.1,GW Explorer,2005-05-31T00:00:00,2.0,
3557415361,474500094,32.6,60.0,670.0,UNK,27.87,642.13,GW Explorer,2005-11-15T00:00:00,2.0,
3557415361,474500094,32.6,60.0,670.0,UNK,27.78,642.22,GW Explorer,2006-05-06T00:00:00,2.0,
3557415361,474500094,32.6,60.0,670.0,UNK,27.68,642.32,GW Explorer,2007-04-27T00:00:00,2.0,
3557415361,474500094,32.6,60.0,670.0,UNK,26.39,643.61,GW Explorer,2007-11-03T00:00:00,2.0,
3557415361,474500094,32.6,60.0,670.0,UNK,27.57,642.43,GW Explorer,2008-05-08T00:00:00,2.0,
3557415361,474500094,32.6,60.0,670.0,UNK,27.52,642.48,GW Explorer,2008-11-03T00:00:00,2.0,
3557415361,474500094,32.6,60.0,670.0,UNK,26.42,643.58,GW Explorer,2009-05-17T00:00:00,2.0,
3557415361,474500094,32.6,60.0,670.0,UNK,27.36,642.64,GW Explorer,2009-11-02T00:00:00,2.0,
3557415361,474500094,32.6,60.0,670.0,UNK,27.21,642.79,GW Explorer,2010-04-17T00:00:00,2.0,
3572942341,474500011,,,699.0,UNK,33.53,665.47,GW Explorer,1955-09-14T00:00:00,0.0,
3573445961,474500083,30.0,43.0,685.0,UNK,23.0,662.0,GW Explorer,1982-07-02T00:00:00,2.0,
3573628231,474500135,36.0,43.5,675.0,UNK,19.0,656.0,GW Explorer,2001-05-04T00:00:00,2.0,
3573628231,474500135,36.0,43.5,675.0,UNK,31.78,643.22,GW Explorer,2002-05-10T00:00:00,2.0,
3573628231,474500135,36.0,43.5,675.0,UNK,30.76,644.24,GW Explorer,2003-05-16T00:00:00,2.0,
3574519651,474400011,12.0,30.0,530.9204102,UNK,10.0,520.9204102,GW Explorer,1997-01-17T00:00:00,2.0,
3627283101,474500133,12.0,24.0,685.0,UNK,12.3,672.7,GW Explorer,1989-09-22T00:00:00,2.0,
3627283101,474500133,12.0,24.0,685.0,UNK,20.0,665.0,GW Explorer,1995-04-30T00:00:00,2.0,
3627283101,474500133,12.0,24.0,685.0,UNK,19.65,665.35,GW Explorer,1996-04-02T00:00:00,2.0,
3627283101,474500133,12.0,24.0,685.0,UNK,14.07,670.93,GW Explorer,1998-10-07T00:00:00,2.0,
3627283101,474500133,12.0,24.0,685.0,UNK,13.1,671.9,GW Explorer,1999-09-05T00:00:00,2.0,
3627283101,474500133,12.0,24.0,685.0,UNK,9.78,675.22,GW Explorer,2000-05-21T00:00:00,2.0,
3627283101,474500133,12.0,24.0,685.0,UNK,6.64,678.36,GW Explorer,2003-05-16T00:00:00,2.0,
3632044701,474500010,,,699.0,UNK,32.92,666.08,GW Explorer,1955-07-15T00:00:00,0.0,
3645604461,494500022,70.0,83.3,664.8021851,UNK,51.5,613.3021851,GW Explorer,1992-06-04T00:00:00,2.0,
3668164693,474500077,11.6,22.5,650.0,UNK,11.5,638.5,GW Explorer,1977-12-08T00:00:00,2.0,
3668164693,474500077,11.6,22.5,650.0,UNK,14.25,635.75,GW Explorer,1978-09-26T00:00:00,2.0,
3676326471,474500364,17.8,70.8,662.0,UNK,23.39,638.61,GW Explorer,2012-11-09T00:00:00,3.0,
3676327301,474500363,16.6,130.6,662.0,UNK,22.39,639.61,GW Explorer,2012-11-01T00:00:00,1.0,
3678066431,474600001,31.0,43.25,715.0,UNK,26.9,688.1,GW Explorer,1978-02-02T00:00:00,2.0,
3682112481,474500085,24.0,40.0,668.0,UNK,27.0,641.0,GW Explorer,1982-01-28T00:00:00,2.0,
3682112481,474500085,24.0,40.0,668.0,UNK,19.04,648.96,GW Explorer,1998-04-01T00:00:00,2.0,
3682112481,474500085,24.0,40.0,668.0,UNK,19.26,648.74,GW Explorer,1998-10-16T00:00:00,2.0,
3682112481,474500085,24.0,40.0,668.0,UNK,19.25,648.75,GW Explorer,1999-04-11T00:00:00,2.0,
3682112481,474500085,24.0,40.0,668.0,UNK,19.53,648.47,GW Explorer,2000-04-02T00:00:00,2.0,
3682112481,474500085,24.0,40.0,668.0,UNK,19.62,648.38,GW Explorer,2000-10-21T00:00:00,2.0,
3682112481,474500085,24.0,40.0,668.0,UNK,19.91,648.09,GW Explorer,2001-03-31T00:00:00,2.0,
3682112481,474500085,24.0,40.0,668.0,UNK,19.99,648.01,GW Explorer,2001-08-03T00:00:00,2.0,
3682112481,474500085,24.0,40.0,668.0,UNK,20.09,647.91,GW Explorer,2001-11-05T00:00:00,2.0,
3682112481,474500085,24.0,40.0,668.0,UNK,20.1,647.9,GW Explorer,2002-05-11T00:00:00,2.0,
3682112481,474500085,24.0,40.0,668.0,UNK,20.25,647.75,GW Explorer,2002-10-22T00:00:00,2.0,
3682112481,474500085,24.0,40.0,668.0,UNK,20.65,647.35,GW Explorer,2003-04-06T00:00:00,2.0,
3682112481,474500085,24.0,40.0,668.0,UNK,20.67,647.33,GW Explorer,2003-10-20T00:00:00,2.0,
3682112481,474500085,24.0,40.0,668.0,UNK,19.73,648.27,GW Explorer,2004-05-05T00:00:00,2.0,
3682112481,474500085,24.0,40.0,668.0,UNK,19.54,648.46,GW Explorer,2004-10-26T00:00:00,2.0,
3682112481,474500085,24.0,40.0,668.0,UNK,19.27,648.73,GW Explorer,2005-05-31T00:00:00,2.0,
3682112481,474500085,24.0,40.0,668.0,UNK,19.07,648.93,GW Explorer,2005-11-15T00:00:00,2.0,
3682112481,474500085,24.0,40.0,668.0,UNK,18.8,649.2,GW Explorer,2006-05-06T00:00:00,2.0,
3682112481,474500085,24.0,40.0,668.0,UNK,18.51,649.49,GW Explorer,2007-04-27T00:00:00,2.0,
3682112481,474500085,24.0,40.0,668.0,UNK,27.6,640.4,GW Explorer,2007-11-03T00:00:00,2.0,
3682112481,474500085,24.0,40.0,668.0,UNK,17.83,650.17,GW Explorer,2008-05-08T00:00:00,2.0,
3682112481,474500085,24.0,40.0,668.0,UNK,17.55,650.45,GW Explorer,2008-11-03T00:00:00,2.0,
3682112481,474500085,24.0,40.0,668.0,UNK,17.35,650.65,GW Explorer,2009-05-17T00:00:00,2.0,
3682112481,474500085,24.0,40.0,668.0,UNK,17.25,650.75,GW Explorer,2009-11-02T00:00:00,2.0,
3682112481,474500085,24.0,40.0,668.0,UNK,17.09,650.91,GW Explorer,2010-04-17T00:00:00,2.0,
3685618361,474500136,31.5,43.5,670.0,UNK,23.0,647.0,GW Explorer,2001-05-05T00:00:00,2.0,
3685618361,474500136,31.5,43.5,670.0,UNK,19.97,650.03,GW Explorer,2001-05-19T00:00:00,2.0,
3685618361,474500136,31.5,43.5,670.0,UNK,20.03,649.97,GW Explorer,2002-05-10T00:00:00,2.0,
3685618361,474500136,31.5,43.5,670.0,UNK,19.4,650.6,GW Explorer,2003-05-16T00:00:00,2.0,
3691812441,474400012,,,542.819397,UNK,13.58,529.239397,GW Explorer,2000-05-21T00:00:00,0.0,
3691812441,474400012,,,542.819397,UNK,13.71,529.109397,GW Explorer,2001-05-17T00:00:00,0.0,
3691812441,474400012,,,542.819397,UNK,13.29,529.529397,GW Explorer,2002-05-11T00:00:00,0.0,
3691812441,474400012,,,542.819397,UNK,13.17,529.649397,GW Explorer,2003-05-16T00:00:00,0.0,
3692912401,474400001,21.0,40.0,542.819397,UNK,12.5,530.319397,GW Explorer,1976-05-13T00:00:00,2.0,
3692912401,474400001,21.0,40.0,542.819397,UNK,13.17,529.649397,GW Explorer,2000-05-21T00:00:00,2.0,
3692912401,474400001,21.0,40.0,542.819397,UNK,12.86,529.959397,GW Explorer,2002-05-11T00:00:00,2.0,
3692912401,474400001,21.0,40.0,542.819397,UNK,12.72,530.099397,GW Explorer,2003-05-16T00:00:00,2.0,
3731362311,474500092,30.0,43.0,651.0,UNK,27.0,624.0,GW Explorer,1988-05-16T00:00:00,2.0,
3731362311,474500092,30.0,43.0,651.0,UNK,15.14,635.86,GW Explorer,1998-04-01T00:00:00,2.0,
3731362311,474500092,30.0,43.0,651.0,UNK,15.19,635.81,GW Explorer,1998-10-16T00:00:00,2.0,
3731362311,474500092,30.0,43.0,651.0,UNK,14.51,636.49,GW Explorer,1999-04-10T00:00:00,2.0,
3731362311,474500092,30.0,43.0,651.0,UNK,14.95,636.05,GW Explorer,1999-10-22T00:00:00,2.0,
3731362311,474500092,30.0,43.0,651.0,UNK,14.57,636.43,GW Explorer,2000-04-02T00:00:00,2.0,
3731362311,474500092,30.0,43.0,651.0,UNK,14.44,636.56,GW Explorer,2000-10-22T00:00:00,2.0,
3731362311,474500092,30.0,43.0,651.0,UNK,11.6,639.4,GW Explorer,2002-10-22T00:00:00,2.0,
3731362311,474500092,30.0,43.0,651.0,UNK,11.85,639.15,GW Explorer,2003-04-06T00:00:00,2.0,
3731362311,474500092,30.0,43.0,651.0,UNK,11.16,639.84,GW Explorer,2003-10-20T00:00:00,2.0,
3731362311,474500092,30.0,43.0,651.0,UNK,19.71,631.29,GW Explorer,2004-05-05T00:00:00,2.0,
3731362311,474500092,30.0,43.0,651.0,UNK,10.85,640.15,GW Explorer,2004-10-26T00:00:00,2.0,
3731362311,474500092,30.0,43.0,651.0,UNK,11.28,639.72,GW Explorer,2005-06-01T00:00:00,2.0,
3731362311,474500092,30.0,43.0,651.0,UNK,12.27,638.73,GW Explorer,2006-05-05T00:00:00,2.0,
3731362311,474500092,30.0,43.0,651.0,UNK,12.19,638.81,GW Explorer,2006-11-04T00:00:00,2.0,
3731362311,474500092,30.0,43.0,651.0,UNK,13.31,637.69,GW Explorer,2008-05-07T00:00:00,2.0,
3731362311,474500092,30.0,43.0,651.0,UNK,13.58,637.42,GW Explorer,2009-05-16T00:00:00,2.0,
3731362311,474500092,30.0,43.0,651.0,UNK,13.63,637.37,GW Explorer,2010-04-18T00:00:00,2.0,
3740159151,494500027,,,675.0,UNK,5.1,669.9,GW Explorer,1992-06-02T00:00:00,0.0,
3757465301,494500028,,,690.0,UNK,7.0,683.0,GW Explorer,1992-06-03T00:00:00,0.0,
3757529521,474500366,,,701.0,UNK,42.0,659.0,GW Explorer,2010-10-01T00:00:00,0.0,
3785018581,484300021,,,589.9962158,UNK,48.0,541.9962158,GW Explorer,1997-01-19T00:00:00,0.0,
3789352781,474500086,20.5,27.0,593.0,UNK,14.5,578.5,GW Explorer,1982-07-01T00:00:00,1.0,
3792466241,474500134,28.0,35.0,552.0,UNK,14.0,538.0,GW Explorer,1981-08-11T00:00:00,1.0,
3792466241,474500134,28.0,35.0,552.0,UNK,12.67,539.33,GW Explorer,2000-05-21T00:00:00,1.0,
3792466241,474500134,28.0,35.0,552.0,UNK,12.66,539.34,GW Explorer,2001-05-17T00:00:00,1.0,
3792466241,474500134,28.0,35.0,552.0,UNK,12.57,539.43,GW Explorer,2002-05-11T00:00:00,1.0,
3822821471,474500088,,,702.0,UNK,6.2,695.8,GW Explorer,1992-08-20T00:00:00,0.0,
3831150561,494500009,22.5,33.0,651.0,UNK,25.0,626.0,GW Explorer,1994-11-21T00:00:00,2.0,
3831150561,494500009,22.5,33.0,651.0,UNK,25.6,625.4,GW Explorer,1995-05-06T00:00:00,2.0,
3831150561,494500009,22.5,33.0,651.0,UNK,25.54,625.46,GW Explorer,2000-05-20T00:00:00,2.0,
3831150561,494500009,22.5,33.0,651.0,UNK,25.19,625.81,GW Explorer,2001-05-16T00:00:00,2.0,
3831150561,494500009,22.5,33.0,651.0,UNK,24.74,626.26,GW Explorer,2002-05-10T00:00:00,2.0,
3831150561,494500009,22.5,33.0,651.0,UNK,24.56,626.44,GW Explorer,2003-05-17T00:00:00,2.0,
3841763591,484400003,12.0,30.0,536.0093994,UNK,7.5,528.5093994,GW Explorer,1997-01-20T00:00:00,2.0,
3841763591,484400003,12.0,30.0,536.0093994,UNK,7.75,528.2593994,GW Explorer,2000-05-21T00:00:00,2.0,
3841763591,484400003,12.0,30.0,536.0093994,UNK,7.83,528.1793994,GW Explorer,2001-05-17T00:00:00,2.0,
3841763591,484400003,12.0,30.0,536.0093994,UNK,7.56,528.4493994,GW Explorer,2002-05-11T00:00:00,2.0,
3841763591,484400003,12.0,30.0,536.0093994,UNK,7.64,528.3693994,GW Explorer,2003-05-16T00:00:00,2.0,
3843450221,494500023,17.5,29.5,672.0,UNK,7.0,665.0,GW Explorer,1992-06-19T00:00:00,2.0,
3843450221,494500023,17.5,29.5,672.0,UNK,6.2,665.8,GW Explorer,1992-08-20T00:00:00,2.0,
3852451171,494500046,26.0,38.0,672.0,UNK,15.0,657.0,GW Explorer,1998-12-01T00:00:00,2.0,
3863650481,494500012,,,651.0,UNK,26.45,624.55,GW Explorer,1988-10-26T00:00:00,0.0,
3863650481,494500012,,,651.0,UNK,25.0,626.0,GW Explorer,1994-11-21T00:00:00,0.0,
3863650481,494500012,,,651.0,UNK,25.6,625.4,GW Explorer,1995-05-06T00:00:00,0.0,
3863650481,494500012,,,651.0,UNK,26.08,624.92,GW Explorer,2000-05-20T00:00:00,0.0,
3863650481,494500012,,,651.0,UNK,25.3,625.7,GW Explorer,2000-11-02T00:00:00,0.0,
3863650481,494500012,,,651.0,UNK,25.65,625.35,GW Explorer,2001-05-16T00:00:00,0.0,
3863650481,494500012,,,651.0,UNK,25.8,625.2,GW Explorer,2003-04-08T00:00:00,0.0,
3863650481,494500012,,,651.0,UNK,25.0,626.0,GW Explorer,2003-05-17T00:00:00,0.0,
3893777341,504500018,18.0,24.0,645.9588013,UNK,11.2,634.7588013,GW Explorer,1987-04-26T00:00:00,1.0,
3925405821,484500004,3.0,49.0,707.0,UNK,20.54,686.46,GW Explorer,2000-05-21T00:00:00,1.0,
3925405821,484500004,3.0,49.0,707.0,UNK,20.51,686.49,GW Explorer,2001-05-16T00:00:00,1.0,
3925405821,484500004,3.0,49.0,707.0,UNK,20.44,686.56,GW Explorer,2002-05-10T00:00:00,1.0,
3925405821,484500004,3.0,49.0,707.0,UNK,20.63,686.37,GW Explorer,2003-04-06T00:00:00,1.0,
3925405821,484500004,3.0,49.0,707.0,UNK,20.38,686.62,GW Explorer,2003-05-17T00:00:00,1.0,
3933706331,484500008,30.0,48.0,706.0,UNK,24.0,682.0,GW Explorer,1997-01-14T00:00:00,2.0,
3933706331,484500008,30.0,48.0,706.0,UNK,20.24,685.76,GW Explorer,2000-05-21T00:00:00,2.0,
3933706331,484500008,30.0,48.0,706.0,UNK,20.19,685.81,GW Explorer,2001-05-16T00:00:00,2.0,
3933706331,484500008,30.0,48.0,706.0,UNK,20.12,685.88,GW Explorer,2002-05-10T00:00:00,2.0,
3933706331,484500008,30.0,48.0,706.0,UNK,20.08,685.92,GW Explorer,2003-05-17T00:00:00,2.0,
3934358311,504500001,,,747.0,UNK,13.87,733.13,GW Explorer,1957-06-17T00:00:00,0.0,
3934358311,504500001,,,747.0,UNK,14.02,732.98,GW Explorer,1957-08-16T00:00:00,0.0,
3939754901,504500024,22.0,34.2,747.0,UNK,11.0,736.0,GW Explorer,1992-06-02T00:00:00,2.0,
3939754901,504500024,22.0,34.2,747.0,UNK,7.75,739.25,GW Explorer,1992-09-03T00:00:00,2.0,
3939754901,504500024,22.0,34.2,747.0,UNK,9.99,737.01,GW Explorer,1999-09-27T00:00:00,2.0,
3939754901,504500024,22.0,34.2,747.0,UNK,9.89,737.11,GW Explorer,2000-05-20T00:00:00,2.0,
3960178071,494500044,20.0,38.0,694.0,UNK,15.0,679.0,GW Explorer,1998-11-30T00:00:00,2.0,
3960178071,494500044,20.0,38.0,694.0,UNK,4.29,689.71,GW Explorer,2000-02-20T00:00:00,2.0,
3960178071,494500044,20.0,38.0,694.0,UNK,4.29,689.71,GW Explorer,2000-05-20T00:00:00,2.0,
3971245191,484600001,16.0,40.0,741.0,UNK,16.2,724.8,GW Explorer,1990-12-09T00:00:00,2.0,
3991633301,474500032,15.04,30.48,657.0,UNK,17.37,639.63,GW Explorer,1970-10-09T00:00:00,1.0,
3991633301,474500032,15.04,30.48,657.0,UNK,14.68,642.32,GW Explorer,2000-05-21T00:00:00,1.0,
3991633301,474500032,15.04,30.48,657.0,UNK,14.78,642.22,GW Explorer,2001-05-17T00:00:00,1.0,
3991633301,474500032,15.04,30.48,657.0,UNK,11.73,645.27,GW Explorer,2002-05-10T00:00:00,1.0,
3991633301,474500032,15.04,30.48,657.0,UNK,8.96,648.04,GW Explorer,2003-05-16T00:00:00,1.0,
5004079121,3/99,29.6,54.6,465.5,TOC,6.41,454.79,IGS,1999-01-01T00:00:00,,
5016981711,120319050,,,467.0,TOC,6.65,460.35,GW Explorer,1936-06-30T00:00:00,0.0,
5024597541,120310073,,,558.0,UNK,46.25,511.75,GW Explorer,1977-06-30T00:00:00,0.0,
5032970721,WAR1,36.0,108.0,,,14.54,554.8732690429688,aquageo,2023-03-21T00:00:00,1.0,
5039731193,,,,,,6.6,579.3,Water Corp,,,
5074275021,120319046,,,467.0,TOC,16.0,451.0,GW Explorer,1995-05-12T00:00:00,0.0,
5095319881,CWMR02P,30.25,132.25,,,33.2,580.1641967773437,MetalsX,,1.0,
5097619451,CWRC2,19.0,139.0,,,33.4,579.8081298828125,MetalsX,,2.0,
5100018071,WMPW05,12.0,48.0,461.9988098144531,NGS,6.96,455.03880981445315,Oz Minerals,,,
5105329831,WMPS05,4.0,16.0,475.0,NGS,5.2,469.8,Oz Minerals,,1.0,
5119118011,WMPS20,5.0,17.0,464.918457,NGS,6.96,457.958457,Oz Minerals,,1.0,
5126401841,WMPW12,155.0,167.0,431.4797058105469,NGS,6.09,425.3897058105469,Oz Minerals,,,
5127500051,WMPS28,5.0,17.0,435.0332336,NGS,5.5,429.5332336,Oz Minerals,,1.0,
5138155071,120310036,,,468.0,UNK,11.53,456.47,GW Explorer,1966-06-30T00:00:00,0.0,
5138155072,120310037,,,468.0,UNK,12.14,455.86,GW Explorer,1966-06-30T00:00:00,0.0,
5140299091,WPRC0126,26.0,50.0,678.0,NGS,42.74,635.26,MetalsX,,1.0,
5146805121,120610187,,,596.0,UNK,13.5,582.5,GW Explorer,1981-06-30T00:00:00,0.0,
5149991581,WMPW10,122.0,134.0,445.1990966796875,NGS,2.73,442.4690966796875,Oz Minerals,,,
5161421421,WMPS12,5.0,23.0,469.951416,NGS,4.85,465.101416,Oz Minerals,,1.0,
5167739991,WMPW03,106.0,160.0,471.0430908203125,NGS,5.5,465.5430908203125,Oz Minerals,,,
5167890391,WMPS26,5.0,17.0,444.214447,NGS,4.17,440.044447,Oz Minerals,,1.0,
5168939981,WMPW04,8.0,56.0,471.0430908203125,NGS,5.63,465.4130908203125,Oz Minerals,,,
5169135421,WMPS07,4.0,16.0,470.9090881,NGS,5.52,465.3890881,Oz Minerals,,1.0,
5173839951,WMPS06,3.0,15.0,470.0663147,NGS,6.07,463.9963147,Oz Minerals,,1.0,
5181731831,WMPS08,4.0,16.0,472.9682007,NGS,5.26,467.7082007,Oz Minerals,,1.0,
5192655521,New Camp Bore,,,,,4.55,,,,,
5199518351,WMPW06,16.0,76.0,459.97991943359375,NGS,7.71,452.26991943359377,Oz Minerals,,,
5202637401,120310010,83.4,141.0,470.0,UNK,57.8,412.2,GW Explorer,1980-06-30T00:00:00,1.0,
5207671483,120319056,,,676.0,TOC,10.0,666.0,GW Explorer,1993-08-06T00:00:00,0.0,
5207671483,120319056,,,676.0,TOC,13.5,662.5,GW Explorer,1994-05-19T00:00:00,0.0,
5207671483,120319056,,,676.0,TOC,26.0,650.0,GW Explorer,1995-05-19T00:00:00,0.0,
5211817341,WMPS21,5.0,17.0,461.9690247,NGS,8.17,453.7990247,Oz Minerals,,1.0,
5215440771,120311028,106.0,295.0,453.0,UNK,56.5,396.5,GW Explorer,2000-10-30T00:00:00,1.0,
5219906771,WPRC0137,28.0,52.0,668.0,NGS,37.32,630.68,MetalsX,,1.0,
5226430121,WMPS09,3.5,11.5,475.9544373,NGS,6.46,469.4944373,Oz Minerals,,1.0,
5226718451,HYDT0008,16.0,64.0,654.11,NGS,28.37,625.74,MetalsX,,1.0,
5235286151,120311013,,,449.0,UNK,60.5,388.5,GW Explorer,2000-11-23T00:00:00,0.0,
5238437311,WB3,23.0,53.0,,,11.6,458.9735473632812,aquageo,2023-03-26T00:00:00,2.0,
5249419461,120311026,108.0,243.0,431.0,UNK,56.5,374.5,GW Explorer,2000-09-19T00:00:00,1.0,
5250240371,120310100,,,470.0,UNK,12.75,457.25,GW Explorer,1966-06-30T00:00:00,0.0,
5251209791,120311021,36.0,157.0,411.0,UNK,31.33,379.67,GW Explorer,2000-09-11T00:00:00,1.0,
5251922681,120310016,24.0,41.0,400.0,UNK,14.5,385.5,GW Explorer,1980-06-30T00:00:00,1.0,
5252805321,120311016,,,398.0,UNK,83.0,315.0,GW Explorer,2000-07-22T00:00:00,0.0,
5259550451,CWRC1,25.0,133.0,,,39.5,579.438720703125,MetalsX,2013-01-26T00:00:00,2.0,
5260050441,120310080,,,617.850769,UNK,24.38,593.470769,GW Explorer,1967-06-30T00:00:00,0.0,
5260050441,120310080,,,617.850769,UNK,38.71,579.140769,GW Explorer,1967-07-07T00:00:00,0.0,
5260050441,120310080,,,617.850769,UNK,37.8,580.050769,GW Explorer,1970-01-15T00:00:00,0.0,
5260432481,WMPS10,6.0,23.0,473.0276184,NGS,6.01,467.0176184,Oz Minerals,,1.0,
5271843211,120619086,,,571.0,UNK,26.75,544.25,GW Explorer,1995-05-25T00:00:00,0.0,
5280330161,WMPS11,4.0,16.0,473.0146179,NGS,5.62,467.3946179,Oz Minerals,,1.0,
5281117471,120310018,24.0,36.0,401.0,UNK,15.0,386.0,GW Explorer,1980-06-30T00:00:00,1.0,
5283017991,WMPS22,5.0,17.0,461.1039429,NGS,8.33,452.7739429,Oz Minerals,,1.0,
5292112401,WPRC0173,36.0,70.0,671.0,NGS,38.04,632.96,MetalsX,,1.0,
5295211141,120310017,11.0,29.0,398.0,UNK,8.5,389.5,GW Explorer,1980-06-30T00:00:00,1.0,
5295843561,120619085,,,571.0,UNK,60.53,510.47,GW Explorer,1995-05-24T00:00:00,0.0,
5296712281,PB10,27.0,75.0,666.75,NGS,38.43,628.32,MetalsX,,1.0,
5299718011,WMPW07,14.0,32.0,464.0064392089844,NGS,7.67,456.33643920898436,Oz Minerals,,,
5304208811,120310059,18.0,36.0,525.0,UNK,11.0,514.0,GW Explorer,1984-05-15T00:00:00,2.0,
5307623761,120310019,24.0,36.0,408.0,UNK,14.8,393.2,GW Explorer,1980-06-30T00:00:00,1.0,
5331772581,120310026,10.1,13.2,465.15,UNK,5.28,459.87,GW Explorer,1980-10-15T00:00:00,1.0,
5331772581,120310026,10.1,13.2,465.15,NGS,5.06,460.9,IGS,2023-03-16T00:00:00,1.0,
5337285171,120311029,96.0,267.0,446.0,UNK,53.05,392.95,GW Explorer,2000-11-07T00:00:00,1.0,
5343862882,120319058,,,679.0,TOC,10.0,669.0,GW Explorer,1993-08-06T00:00:00,0.0,
5343862882,120319058,,,679.0,TOC,20.5,658.5,GW Explorer,1995-05-19T00:00:00,0.0,
5371952611,WB1,61.0,85.0,,,8.25,441.7702331542969,aquageo,2023-03-25T13:55:37,,
5371997901,WPRC0171,22.0,70.0,689.0,NGS,52.67,636.33,MetalsX,,1.0,
5390847811,120619087,,,560.0,UNK,22.9,537.1,GW Explorer,1995-05-27T00:00:00,0.0,
5390983184,120319057,,,680.0,TOC,11.0,669.0,GW Explorer,1993-08-06T00:00:00,0.0,
5390983184,120319057,,,680.0,TOC,42.0,638.0,GW Explorer,1994-05-19T00:00:00,0.0,
5390983184,120319057,,,680.0,TOC,12.5,667.5,GW Explorer,1995-05-19T00:00:00,0.0,
5402500431,PB11,15.0,75.0,681.21,NGS,52.56,628.65,MetalsX,,1.0,
5406059531,120311003,73.0,191.0,459.0,UNK,69.43,389.57,GW Explorer,2000-04-27T00:00:00,4.0,
5415370331,120310049,16.1,35.4,456.1,UNK,12.53,443.57,GW Explorer,1980-10-15T00:00:00,1.0,
5415370331,120310049,16.1,35.4,456.1,NGS,9.12,446.98,IGS,2023-03-17T00:00:00,1.0,
5416520711,MB01D,23.69,41.69,653.81,NGS,29.26,624.55,MetalsX,,1.0,
5425066981,120310055,20.0,26.0,327.0,UNK,19.3,307.7,GW Explorer,1990-07-15T00:00:00,1.0,
5425297871,HYDT0004,34.0,94.0,685.34,NGS,55.93,629.41,MetalsX,,1.0,
5426374011,120311032,,,461.0,UNK,62.34,398.66,GW Explorer,2001-01-25T00:00:00,0.0,
5448363261,120311031,,,445.0,UNK,50.5,394.5,GW Explorer,2001-01-19T00:00:00,0.0,
5466985081,HYDT0003,24.0,100.0,682.95,NGS,52.49,630.46,MetalsX,,1.0,
5472761751,120310057,19.8,38.8,488.2,TOC,15.9,472.3,GW Explorer,1980-11-15T00:00:00,1.0,
5472761751,120310057,19.8,38.8,488.2,TOC,15.1,473.1,IGS,2023-03-15T00:00:00,1.0,
5474542311,120310020,51.0,63.0,454.0,UNK,50.4,403.6,GW Explorer,1980-06-30T00:00:00,1.0,
5490764531,120610010,,,548.0,UNK,26.5,521.5,GW Explorer,1980-10-15T00:00:00,0.0,
5492903601,120610001,,,437.0,UNK,47.83,389.17,GW Explorer,1997-06-08T00:00:00,0.0,
5493375431,120311017,,,350.0,UNK,63.0,287.0,GW Explorer,2000-07-25T00:00:00,0.0,
5494212041,120311012,110.0,298.0,432.0,UNK,52.83,379.17,GW Explorer,2000-09-16T00:00:00,1.0,
5498909371,120619175,15.0,71.0,434.0,TOC,32.57,401.43,GW Explorer,1997-06-10T00:00:00,1.0,
5505798881,120311009,130.0,223.0,439.0,UNK,51.0,388.0,GW Explorer,2000-08-03T00:00:00,1.0,
5506912691,WMPS19,23.0,35.0,496.0655518,NGS,22.53,473.5355518,Oz Minerals,,1.0,
5514058451,120310035,,,453.0,UNK,5.61,447.39,GW Explorer,1933-06-30T00:00:00,0.0,
5514299301,WMPS03,4.0,16.0,491.0,NGS,6.0,485.0,Oz Minerals,,1.0,
5516774931,HYDT0006,34.0,100.0,675.47,NGS,17.47,658.0,MetalsX,,1.0,
5519780441,WPRC0334,42.0,60.0,689.0,NGS,51.54,637.46,MetalsX,,1.0,
5530407931,120311022,85.0,139.0,404.0,UNK,37.0,367.0,GW Explorer,2000-09-05T00:00:00,1.0,
5557346081,120310099,,,488.0,UNK,16.2,471.8,GW Explorer,1980-10-15T00:00:00,0.0,
5559537751,120310048,26.6,29.6,443.1,TOC,13.7,429.4,GW Explorer,1980-12-03T00:00:00,1.0,
5559537751,120310048,26.6,29.6,443.1,TOC,7.78,435.32,IGS,2023-03-16T00:00:00,1.0,
5564424541,WMPW01,126.0,198.0,494.0013427734375,NGS,4.04,489.9613427734375,Oz Minerals,,,
5587725221,WMPS01,5.0,17.0,493.0220337,NGS,7.19,485.8320337,Oz Minerals,,1.0,
5599977301,120619173,,,455.0,UNK,57.66,397.34,GW Explorer,1997-06-07T00:00:00,0.0,
5608270981,WPRC0363,42.0,60.0,684.0,NGS,50.13,633.87,MetalsX,,1.0,
5620855541,WMPS27,5.0,17.0,440.4581909,NGS,8.22,432.2381909,Oz Minerals,,1.0,
5624238271,120310103,,,453.0,UNK,13.27,439.73,GW Explorer,1980-10-15T00:00:00,0.0,
5625632961,WMPS04,3.0,15.0,483.0,NGS,4.02,478.98,Oz Minerals,,1.0,
5627356791,WMPW11,150.0,156.0,440.66827392578125,NGS,7.65,433.0182739257813,Oz Minerals,,,
5628070491,WMPW08,155.5,179.5,448.92926025390625,NGS,3.09,445.8392602539063,Oz Minerals,,,
5629117611,120310015,19.0,43.0,408.0,UNK,16.5,391.5,GW Explorer,1990-07-01T00:00:00,1.0,
5637678111,HYDT0007,0.0,100.0,671.49,NGS,39.3,632.19,MetalsX,,1.0,
5638870821,WMPS24,3.0,15.0,452.9225464,NGS,4.1,448.8225464,Oz Minerals,,1.0,
5643391451,120311027,110.0,253.0,441.0,UNK,51.75,389.25,GW Explorer,2000-10-26T00:00:00,1.0,
5655673461,120310024,12.1,15.2,494.15,TOC,6.48,487.67,GW Explorer,1980-10-15T00:00:00,1.0,
5655673461,120310024,12.1,15.2,494.15,TOC,5.0,489.15,IGS,2023-03-15T00:00:00,1.0,
5659732511,MB02,17.0,29.0,649.7,NGS,23.45,626.25,MetalsX,,1.0,
5673904361,120310060,44.0,47.0,540.0,UNK,22.8,517.2,GW Explorer,1977-06-30T00:00:00,1.0,
5690120081,120311001,70.0,100.0,419.0,UNK,24.9,394.1,GW Explorer,2000-09-02T00:00:00,1.0,
5698483161,120319028,,,531.0,UNK,23.3,507.7,GW Explorer,1995-06-16T00:00:00,0.0,
5704178821,120311025,102.0,220.0,399.0,UNK,36.45,362.55,GW Explorer,2000-10-11T00:00:00,1.0,
5704713771,120311011,88.0,299.0,419.0,UNK,41.5,377.5,GW Explorer,2000-08-18T00:00:00,1.0,
5708062101,WPRC0444,42.0,60.0,685.0,NGS,47.94,637.06,MetalsX,,1.0,
5713376101,WPRC0658,24.0,46.0,674.0,NGS,40.53,633.47,MetalsX,,1.0,
5716092911,,,,,,15.5,551.5,,,,
5722409341,120319020,,,540.0,UNK,18.2,521.8,GW Explorer,1995-05-12T00:00:00,0.0,
5723452291,120619170,,,440.0,UNK,43.49,396.51,GW Explorer,1997-06-12T00:00:00,0.0,
5734840991,120311002,4.0,58.0,423.0,UNK,41.7,381.3,GW Explorer,2000-09-05T00:00:00,1.0,
5735026591,WMPW09,56.0,74.0,457.77197265625,NGS,14.28,443.49197265625,Oz Minerals,,,
5742468081,WMPW13,147.0,189.0,451.91497802734375,,2.84,449.0749780273438,Oz Minerals,,,
5744787011,WMPS23,5.0,17.0,462.0,NGS,6.39,455.61,Oz Minerals,,1.0,
5745427911,WMPS25,11.0,23.0,459.8721924,NGS,14.51,445.3621924,Oz Minerals,,1.0,
5753200061,120319026,,,540.0,UNK,41.1,498.9,GW Explorer,1995-06-12T00:00:00,0.0,
5754365441,HYDT0002,25.0,100.0,689.99,NGS,57.77,632.22,MetalsX,,1.0,
5765140151,120310121,,,527.0,UNK,9.14,517.86,GW Explorer,1967-06-30T00:00:00,0.0,
5766376871,120610036,,,560.0,UNK,1.83,558.17,GW Explorer,1956-06-30T00:00:00,0.0,
5772921001,120419079,56.0,80.0,432.0,UNK,14.4,417.6,GW Explorer,1995-07-27T00:00:00,1.0,
5773091062,,,,,,15.5,544.5,,,,
5774392231,120311006,,,462.0,UNK,55.34,406.66,GW Explorer,2000-05-24T00:00:00,0.0,
5776588321,120619033,,,560.0,TOC,17.5,542.5,GW Explorer,1995-05-14T00:00:00,0.0,
5780478011,120319027,33.4,51.4,529.1,UNK,21.4,507.7,GW Explorer,1995-06-16T00:00:00,1.0,
5780478011,120319027,33.4,51.4,529.1,UNK,22.1,507.0,GW Explorer,1995-06-17T00:00:00,1.0,
5780478011,120319027,33.4,51.4,529.1,NGS,20.02,509.08,IGS,2023-03-13T00:00:00,1.0,
5786589991,120670001,61.1,73.17,501.5,UNK,50.49,451.01,GW Explorer,2002-12-13T00:00:00,1.0,
5786589991,120670001,61.1,73.17,501.5,TOC,50.18,451.32,IGS,2023-03-13T00:00:00,1.0,
5787232591,120610034,,,582.0,UNK,17.98,564.02,GW Explorer,1956-06-30T00:00:00,0.0,
5787385311,120619039,11.5,59.5,561.0,TOC,8.56,552.44,GW Explorer,1997-06-24T00:00:00,1.0,
5789381861,120619030,,,562.0,UNK,6.8,555.2,GW Explorer,1995-06-02T00:00:00,0.0,
5790673001,120310030,,,462.0,UNK,7.14,454.86,GW Explorer,1954-06-30T00:00:00,0.0,
5790878161,120619037,,,576.0,UNK,30.85,545.15,GW Explorer,1995-06-07T00:00:00,0.0,
5791273001,120310031,,,462.0,UNK,6.91,455.09,GW Explorer,1956-06-30T00:00:00,0.0,
5791273002,120310032,,,462.0,UNK,8.53,453.47,GW Explorer,1964-06-30T00:00:00,0.0,
5795471062,120319049,,,462.0,TOC,6.1,455.9,GW Explorer,1964-06-30T00:00:00,0.0,
5795822131,120319121,25.5,49.5,547.0,TOC,26.1,520.9,GW Explorer,1997-07-04T00:00:00,1.0,
5801058201,PB12,27.0,75.0,687.0,NGS,54.25,632.75,MetalsX,,1.0,
5801646001,120610031,,,572.0,UNK,8.53,563.47,GW Explorer,1956-06-30T00:00:00,0.0,
5802384961,120619038,22.3,58.5,557.0,UNK,6.2,550.8,GW Explorer,1995-06-08T00:00:00,1.0,
5807442262,120319014,,,555.0,TOC,24.0,531.0,GW Explorer,1993-08-06T00:00:00,0.0,
5807442262,120319014,,,555.0,TOC,18.9,536.1,GW Explorer,1994-05-18T00:00:00,0.0,
5807442262,120319014,,,555.0,TOC,23.0,532.0,GW Explorer,1995-05-19T00:00:00,0.0,
5811319551,120419076,,,430.0,TOC,14.85,415.15,GW Explorer,1993-05-01T00:00:00,0.0,
5811319551,120419076,,,430.0,TOC,14.9,415.1,GW Explorer,1993-08-02T00:00:00,0.0,
5811319551,120419076,,,430.0,TOC,14.0,416.0,GW Explorer,1994-05-11T00:00:00,0.0,
5811319551,120419076,,,430.0,TOC,15.0,415.0,GW Explorer,1995-05-11T00:00:00,0.0,
5813381571,120619035,,,633.0,TOC,27.0,606.0,GW Explorer,1993-08-02T00:00:00,0.0,
5813381571,120619035,,,633.0,TOC,28.0,605.0,GW Explorer,1995-05-13T00:00:00,0.0,
5822229631,120319122,23.0,47.0,547.4,TOC,19.2,527.8,GW Explorer,1997-07-07T00:00:00,1.0,
5822229631,120319122,23.0,47.0,547.4,TOC,17.97,529.43,IGS,2023-03-13T00:00:00,1.0,
5826351251,,,,,,10.0,568.9,,,,
5840367071,120310044,,,458.0,UNK,7.32,450.68,GW Explorer,1973-06-30T00:00:00,0.0,
5842255191,120310078,,,609.0,UNK,25.3,583.7,GW Explorer,1967-06-30T00:00:00,0.0,
5842255191,120310078,,,609.0,UNK,16.92,592.08,GW Explorer,1967-07-07T00:00:00,0.0,
5843038251,120310050,,,460.0,UNK,14.63,445.37,GW Explorer,1981-06-30T00:00:00,0.0,
5855141821,120610032,,,578.0,UNK,10.36,567.64,GW Explorer,1956-06-30T00:00:00,0.0,
5856816011,WMPS14,3.0,15.0,472.1039734,NGS,5.49,466.6139734,Oz Minerals,,1.0,
5858836001,120610003,65.0,82.8,541.0,UNK,37.23,503.77,GW Explorer,1980-09-15T00:00:00,1.0,
5858904951,120310061,23.2,47.2,544.0,UNK,25.6,518.4,GW Explorer,1980-11-15T00:00:00,1.0,
5861221081,WMPS13,8.0,20.0,471.9373169,NGS,6.02,465.9173169,Oz Minerals,,1.0,
5868885161,,,,,,19.1,559.9,,,,
5870812321,120610030,,,586.0,UNK,12.19,573.81,GW Explorer,1956-06-30T00:00:00,0.0,
5873050111,WPRC0102,46.0,70.0,688.0,NGS,50.25,637.75,MetalsX,,1.0,
5880559311,120310120,,,523.0,UNK,0.15,522.85,GW Explorer,1967-06-30T00:00:00,0.0,
5881393631,120310027,,,462.0,UNK,7.01,454.99,GW Explorer,1966-06-30T00:00:00,0.0,
5887360941,120311004,,,429.0,UNK,43.0,386.0,GW Explorer,2000-05-11T00:00:00,0.0,
5895837441,120610033,,,575.0,UNK,19.81,555.19,GW Explorer,1956-06-30T00:00:00,0.0,
5902690821,120311020,68.0,137.0,411.0,UNK,32.0,379.0,GW Explorer,2000-09-09T00:00:00,1.0,
5904066311,120311005,,,454.0,UNK,58.96,395.04,GW Explorer,2000-05-17T00:00:00,0.0,
5910073521,120310034,,,463.0,UNK,7.44,455.56,GW Explorer,1953-06-30T00:00:00,0.0,
5910612511,WMPS15,8.0,20.0,472.1228943,NGS,6.1,466.0228943,Oz Minerals,,1.0,
5914545081,HYDT0001,30.0,100.0,670.36,NGS,25.04,645.32,MetalsX,,1.0,
5917294381,120310072,,,546.0,UNK,9.5,536.5,GW Explorer,1978-06-30T00:00:00,0.0,
5925099771,120310097,,,465.0,UNK,12.19,452.81,GW Explorer,1973-06-30T00:00:00,0.0,
5926649521,CWRC4,13.0,127.0,,,24.2,581.1086547851562,MetalsX,,2.0,
5928517931,WMPS16,5.0,17.0,474.9695435,NGS,5.49,469.4795435,Oz Minerals,,1.0,
5929122471,MB05,17.2,23.2,646.26,NGS,17.58,628.68,MetalsX,,1.0,
5932939851,120319015,,,557.0,TOC,18.0,539.0,GW Explorer,1994-05-18T00:00:00,0.0,
5934110711,120311024,102.0,274.0,420.0,UNK,49.85,370.15,GW Explorer,2000-09-28T00:00:00,1.0,
5936178411,120311019,118.0,205.0,451.0,UNK,22.2,428.8,GW Explorer,2000-08-21T00:00:00,1.0,
5937810741,120311023,90.0,273.0,420.0,UNK,50.12,369.88,GW Explorer,2000-10-04T00:00:00,1.0,
5946400991,MB04,17.25,29.25,648.32,NGS,17.74,630.58,MetalsX,,1.0,
5947754221,120310081,,,606.0234985,UNK,27.43,578.5934985,GW Explorer,1967-06-30T00:00:00,0.0,
5947754221,120310081,,,606.0234985,UNK,22.4,583.6234985,GW Explorer,1967-07-07T00:00:00,0.0,
5947754221,120310081,,,606.0234985,UNK,23.47,582.5534985,GW Explorer,1970-01-15T00:00:00,0.0,
5948500051,WMPW02,134.0,194.0,489.0,NGS,5.11,483.89,Oz Minerals,,,
5957200431,WMPS02,1.0,13.0,490.0,NGS,5.0,485.0,Oz Minerals,,1.0,
5958714851,WMPS17,3.0,15.0,473.0415649,NGS,6.87,466.1715649,Oz Minerals,,1.0,
5967364931,120310038,,,461.0,UNK,9.83,451.17,GW Explorer,1973-06-30T00:00:00,0.0,
5970282561,120670000,67.02,73.02,505.0,UNK,50.57,454.43,GW Explorer,2002-12-15T00:00:00,1.0,
5970282562,120670002,,,505.0,UNK,49.77,455.23,GW Explorer,2002-12-16T00:00:00,0.0,
5972580501,120319051,,,464.0,TOC,7.62,456.38,GW Explorer,1953-06-30T00:00:00,0.0,
5973478261,120319048,,,464.0,TOC,8.2,455.8,GW Explorer,1963-06-30T00:00:00,0.0,
5976805151,120370000,,,471.0,UNK,49.77,421.23,GW Explorer,2002-12-16T00:00:00,0.0,
5976905161,120370001,61.09,73.17,471.0,UNK,50.49,420.51,GW Explorer,2002-12-12T00:00:00,1.0,
5979522081,WMPS18,3.0,15.0,473.8494873,NGS,6.26,467.5894873,Oz Minerals,,1.0,
5984121861,120310071,38.0,45.0,525.0,UNK,27.7,497.3,GW Explorer,1978-06-30T00:00:00,1.0,
5986313051,120311010,92.0,296.0,401.0,UNK,22.2,378.8,GW Explorer,2000-08-15T00:00:00,1.0,
5991708382,120310029,,,470.0,UNK,9.75,460.25,GW Explorer,1973-06-30T00:00:00,0.0,
7105965921,RN015523,69.0,75.0,655.05,TOC,37.34,617.71,IGS,2023-05-14T00:00:00,1.0,
7112315241,RN007348,,,633.0,UNK,8.1,624.9,Bore Statement,1970-10-10T00:00:00,1.0,
7128612861,RN007349,,,628.0,UNK,7.9,620.1,Bore Statement,1970-10-06T00:00:00,1.0,
7153314641,RN007396,,,630.0,UNK,18.28,611.72,Bore Statement,1970-10-20T00:00:00,1.0,
7228328931,RN012465,29.8,34.6,614.35,TOC,12.98,601.37,IGS,2023-05-23T00:00:00,1.0,
7296921321,RN007385,,,619.0,UNK,10.36,608.64,Bore Statement,1970-10-23T00:00:00,1.0,
7325340171,RN014656,53.74,56.74,544.78,NGS,11.71,533.07,IGS,2023-05-16T00:00:00,1.0,
7331614231,RN018464,18.0,27.0,590.68,TOC,8.67,582.01,IGS,2023-05-17T00:00:00,1.0,
7383328641,RN007386,,,617.0,UNK,10.1,606.9,Bore Statement,1970-10-23T00:00:00,1.0,
7538166231,RN007228,37.18,38.7,613.0,UNK,12.5,600.5,Bore Statement,1970-08-20T00:00:00,1.0,
7538454021,RN007388,22.9,24.4,609.0,UNK,16.9,592.1,Bore Statement,1970-10-26T00:00:00,1.0,
7539909751,RN019111,24.0,46.0,586.6,TOC,8.035,578.57,IGS,2023-05-17T00:00:00,1.0,
7563261991,RN007230,,,607.0,UNK,18.28,588.72,Bore Statement,1970-08-28T00:00:00,1.0,
7610108991,RN016746,18.0,27.0,598.0,UNK,17.5,580.5,Bore Statement,1984-08-09T00:00:00,1.0,
7625968861,RN010391,74.73,84.73,601.0,UNK,13.1,587.9,Bore Statement,2000-11-20T00:00:00,1.0,
7639402921,RN007391,,,599.0,UNK,18.3,580.7,Bore Statement,1970-10-30T00:00:00,1.0,
7667109981,RN019112,19.5,37.5,589.75,NGS,7.72,582.03,IGS,2023-05-16T00:00:00,1.0,
7668271531,RN013322,36.0,43.0,718.56,TOC,28.26,690.3,IGS,2023-05-18T00:00:00,1.0,
7670476991,RN016747,12.0,21.0,600.0,UNK,12.0,588.0,Bore Statement,1995-08-01T00:00:00,1.0,
7672168231,RN007389,18.3,24.4,603.0,UNK,15.4,587.6,Bore Statement,1970-10-17T00:00:00,1.0,
7693893621,RN007395,,,593.0,UNK,13.7,579.3,Bore Statement,1970-10-30T00:00:00,1.0,
7792186641,RN011347,31.4,35.0,593.0,UNK,9.94,583.06,Bore Statement,1976-05-02T00:00:00,1.0,
